116,Erinn,Huxiaoqiao,31296
413,Koenraad,Orléans,7400
144,Cathrine,Tanza,30329
30,Auguste,Loukhi,35789
271,Dannel,Woniuhe,15350
6,Lani,Semirara,27992
499,Cherish,Ratenggoji,1328
205,Seumas,Gunungkendeng,32936
143,Alexi,Paris 14,22666
342,Innis,Tiguion,19940
34,Dominick,Majzar,42224
423,Marjorie,Santa Lucia,43171
144,Olvan,Koropí,44863
369,Anne-marie,Vršac,32374
261,Sigismond,Östersund,29898
376,Isabeau,Bludov,7234
17,Daryl,Hepu,44613
500,Benedict,Moosomin,29259
136,Malvin,Dziergowice,34588
166,Hayes,Tuquan,33937
41,Nollie,Putrajawa,4944
53,Crystal,Houjiagang,31724
292,Jo-anne,Koumra,37526
468,Danila,Olivia,42077
47,Demetris,Krajan Suko Kidul,19395
4,Gwenny,Olo,5958
23,Innis,Lengkeng,46124
430,Kissee,Xiaoguai,6219
435,Nannette,Tieling,28099
6,Sonnnie,Kokstad,41395
280,Clemens,Yên Lập,27750
222,Ignace,Remedios,45168
111,Malissia,Verkhozim,46755
440,Nisse,Strasbourg,45331
339,Torrey,Mata Grande,27303
170,Irena,Benavila,22829
452,Donal,Doāba,17680
2,Kristal,Gayamdesa,3399
132,Joela,Wugong,9161
399,Nathaniel,Nārang,42768
84,Allyn,Faratsiho,42455
407,Selinda,Kaka,46473
8,Osmund,Ergong,23106
167,Fields,Cinyumput,7110
330,Harlin,Lianyun,12327
432,Kylen,Shuangfeng,35627
355,Ora,Nangkaruka,14214
481,Evita,Karaidel’,7336
317,Eddy,Viljoenskroon,37397
286,Vassili,Saint-Maur-des-Fossés,22601
268,Ker,Shimoda,12264
454,Nanny,Papakura,12282
411,Albert,Hövsan,22473
140,Korie,Ebak,2653
174,Nero,Paris 13,11877
41,Rollie,Gvozd,40435
463,Ignazio,Ḩabīl al Jabr,18903
216,Donna,Namling,7816
58,Nikkie,Songhae,28877
195,Adore,Ogawa,46937
229,Elias,Paris 13,36239
84,Theresita,Dijon,19454
127,Aubry,Donetsk,2263
371,Darrin,Ciheras,8985
174,Cacilia,Albania,15001
71,Shirline,Dengyue,20906
290,Prissie,Pasirangin Tiga,26943
32,Justus,Klau,37442
77,Bryon,Junín,27874
62,Judi,Baćkowice,16800
293,Elsinore,Argayash,46189
341,Leigh,Cibeusi,22247
442,Romeo,Chapayevka,13875
154,Monroe,Lingion,24400
488,Marieann,Luo’ao,49199
487,Tracee,Rauco,29566
333,Danya,Tigil’,49275
436,Ardelia,Xinzhou,17530
368,Wendi,Cernik,29885
132,Rosy,Gambut,35258
420,Parry,Kanda,25459
483,Boycie,Jdaidet el Matn,40603
207,Benji,Macia,41416
144,Stefa,Lenīnskīy,6282
413,Linnea,Jinan,24599
114,Rutledge,Boliney,19273
347,Quinn,Canmore,9343
345,Lanie,Charlemagne,9793
324,Shanie,Chon Buri,22497
135,Garrick,Floirac,40361
171,Kariotta,Pulau Pinang,41721
322,Alano,Buenos Aires,32703
119,Gill,Lingcheng,34109
55,Thain,Ungus-Ungus,36562
491,Phillipp,Verkhniy Landekh,33263
168,Ardyth,Karangduren Dua,19584
77,Cayla,Eiriz,6001
326,Winnie,Jevišovice,19955
45,Evered,Palguyod,3656
391,Lowrance,Parfino,36247
419,Johnette,Bilicenii Vechi,5489
214,Kristine,Aviá Terai,14207
175,Livia,Washington,36785
460,Reeta,Zevgolateió,3524
155,Daniel,Shibi,7728
86,Letizia,Bakung,31405
402,Clarance,Dvin,29260
165,Latia,Domalanoan,37194
291,Salaidh,Feodosiya,26728
57,Weylin,Tshikapa,20644
117,Nahum,Mukhen,46103
139,Vivian,Muang Pakxan,47322
95,Vasili,Cibeunying,18666
432,Garry,Tadmur,45736
190,Leroy,Chişinău,26952
460,Cayla,Nässjö,47832
141,Dimitri,Baishi,6996
146,Moll,Nowy Dwór Mazowiecki,36167
298,Jorrie,Useldange,18736
274,Tally,Millet,38148
291,Sherry,Beaufort,6395
184,Valera,Payao,42829
70,Brianna,Tambakrejo,45330
275,Zack,Corvite,2222
411,Lenora,Yelizovo,10971
342,Daniella,Xibër-Murrizë,8980
418,Daphna,Damai,30376
251,Tristan,Koumra,8224
67,Cordie,Kose,49812
432,Issy,Huaqiu,3008
149,Juliet,Linjiang,25906
451,Marnia,Awsīm,12606
398,Rosette,Marseille,1399
14,Kial,Zhangzhen,40807
342,Adore,Yinji,16085
196,Raddie,Peliyagoda,23325
427,Adina,Dadong,31199
263,Patty,Narawayong,21099
55,Nerte,Panguna,42585
454,Sybyl,Tilik,2467
433,Fredrika,Roseau,5577
114,Durante,Marigot,24181
403,Mirelle,Kantyshevo,35415
234,Klemens,Villa Nueva,49674
239,Raoul,Ozimek,32142
381,Carl,Kyustendil,43017
238,Johnathon,Guifões,22338
317,Ailis,Marigot,7127
151,Albertine,Caimitillo,19101
472,Ruttger,Suntar,5454
292,Tracee,Baiyang,8072
248,Corry,Bunisari,22020
286,Skye,Balingasag,34751
432,Maighdiln,Damasak,13836
362,Sheelah,Khairiahmandah,20275
417,Desiree,General Alvear,36763
337,Ludvig,Qiaogu,15693
462,Royal,Rancapanjang,19118
487,Parke,Iksha,11030
6,Jone,Conchamarca,34172
2,Devora,Chengqu,43905
455,Faith,Esperanza,43465
320,Andreana,Berëzovka,1893
56,Cassy,Trosa,22737
351,Skipp,Duifang,42151
159,Celle,Miguel Hidalgo,43310
289,Kristos,Vorontsovka,40517
334,Marcus,Nianpan,8228
371,Melina,Palmira,16185
186,Cris,Mont-Laurier,31582
247,Johnnie,Mora,14559
133,Fiorenze,Klášterec nad Ohří,12783
45,Jabez,Nanyanchuan,46903
136,Shurlocke,Mtsensk,36731
455,Tomas,Altay sumu,33553
358,Annabel,Naranjito,35140
197,Nancie,Siteki,44649
496,Taddeusz,Malšice,34865
214,Bryna,Trŭn,13981
78,Karney,Veliki Grđevac,9739
48,Josiah,Hingatungan,26492
105,Margret,Rappang,48768
177,Ashlin,Şurmān,30156
476,Vitia,Wellington,23298
418,Jo,Rancapare,18126
25,Vlad,Chavusy,46042
175,Isaiah,Mezhevoy,20558
129,Falito,Borogontsy,37518
373,Amye,Yanling,7155
10,Etan,Uruobo-Okija,41198
411,Leila,Dukhovshchina,27343
493,Stacee,Jiaozhou,42963
431,Arlinda,Wuxi,768
181,Yancey,Radziszów,33662
405,Meriel,Puerto Natales,28571
174,Calley,Visby,32289
267,James,Xinning,9260
106,Forbes,Okotoks,11024
354,Park,Nardaran,13214
350,Ollie,Ryazanskiy,14039
317,Danya,Longaví,3645
406,Tallie,San Pedro,16336
323,Annmaria,Jiulonggang,42387
32,Gretal,Temuco,40942
402,Fanni,Semikarakorsk,17787
245,Cassie,Chynów,30590
287,Carmelita,Al Madīd,31646
475,Fairlie,Metahāra,12856
198,Patrice,Uman’,43638
416,Jo ann,Huanuni,32422
496,Harbert,Bisert’,35777
72,Ansell,Sumbersari Wetan,21211
234,Matthew,Fangshan,21596
173,Bernita,Gowurdak,32482
157,Nancee,Philadelphia,25652
256,Julienne,Modřice,25784
104,Rickert,Santa Fe,2446
133,Cristie,Ogōri-shimogō,14377
213,Decca,Kimitsu,43666
323,Ramonda,Priyutovo,37038
45,Dulcia,Itajubá,46138
408,Jasun,Grojec,2745
115,Gus,Guadalupe,13399
316,Lorrie,Andir,35747
234,Thorvald,Farīmān,30389
258,Marcellus,Boyuibe,21037
317,Hannis,Criuleni,17927
40,Lira,San Isidro,20700
41,Conrad,Muhoroni,5794
34,Siobhan,Dome,14674
104,Katya,Palu,45981
185,Garfield,Hedao,41338
15,Cathyleen,Portland,26392
122,Barde,Dondo,46641
14,Broderic,Ang Thong,25204
173,Kenna,Tsaghveri,32548
178,Borden,Iquipi,15516
302,Stacy,Zhouxi,49653
22,Nert,Machinga,37276
388,Ladonna,Rada Tilly,25001
132,Guglielma,Bulog,25508
163,Roma,Jatipamor,11990
141,Bartholomew,Kranjska Gora,25790
275,Avie,Jacaltenango,43032
300,Ezri,Williamsfield,35758
432,Myrtice,Chunyang,1829
468,Helsa,Gunung Talang,49920
388,Alberik,Urungpigang,7144
65,Keven,Cofimvaba,20448
403,Michaela,Paris 16,19846
272,Mendel,Três Pontas,18257
311,Brittany,‘Ābūd,22316
288,Nadya,Pilang,17400
398,Elia,Parizh,1740
115,Paulo,Monjarás,7204
330,Neysa,Bagorejo,4916
410,Frankie,Bataiporã,6995
374,Emilee,Banayoyo,10816
471,Cammy,Ongi,13468
79,Bidget,Valuyki,2282
356,Meriel,Chinchaypujio,34874
417,Dorey,Timiryazevo,38101
276,Clint,Jiaoziya,1888
240,Willey,Aikmel,29785
289,Gene,Bayan Gol,24145
345,Bradney,Okhotsk,46732
287,Clea,Lanlacuni Bajo,1369
85,Kalie,Kanazawa-shi,34947
438,Harrison,Vyaz’ma,9320
38,Marcelo,Ternate,24808
174,Barn,Hässleholm,44954
191,Marcia,Florencia,21250
386,Barclay,Sabandia,16968
408,Debee,Parrita,38569
365,Silvana,Fonadhoo,22879
196,Justin,Heshui,21602
209,Tabbi,Qingyang,25891
131,Angelico,Raojān,25971
97,Florenza,San Isidro,15143
496,Raphael,Novosin’kovo,36751
65,Madelon,South Bend,23274
292,Kippy,Tlogoagung,31154
375,Ford,El Limon,14812
76,Carolyne,Kalidung,22942
449,Tina,Dongkeng,10297
377,Elinore,Yabluniv,18056
216,Goldarina,Cibeureum,23226
68,Adorne,Pasrukrajan Satu,14953
313,Dicky,Benito Juarez,9287
4,Karlens,Maba,41925
292,Adelle,Mengmeng,45682
386,Halimeda,Taounza,20851
209,Tod,Batken,13678
73,Guss,Sinilian First,40091
28,Ulysses,El Perico,4637
259,Glori,Cascavel,45972
150,Cleve,Sirghāyā,33503
317,Brien,Zhudian,39150
259,Svend,Jiangning,44922
243,Teodoor,Emiliano Zapata,9283
39,Hannah,Tío Pujio,1142
205,Nicolea,Nieuwegein,48654
301,Carlita,Mikumi,41362
316,Eldridge,Kazlų Rūda,3809
65,Sylvan,Vĩnh Tường,37824
225,Sayer,Novolugovoye,13669
433,Britt,Fangqiang,45642
484,Joleen,Yakutsk,9040
425,Gillie,Alangalang,10113
281,Lilian,Tanahmerah,19725
131,Lane,Kurjan,48166
169,Nan,Pizhanka,14543
425,Roz,Tocok,34782
166,Valentino,Devesa,29784
151,Ellene,Naples,42034
298,Rogerio,Phú Khương,9437
402,Geno,Maracanaú,4879
428,Lindsay,Laszki,1713
222,Sabina,Mahalapye,16156
212,Bradly,Potoru,38635
329,Stormy,Bamenda,29517
35,Darcie,Sande São Lourenço,30022
60,Evelyn,Cicuco,33161
317,Fowler,Mirovice,5555
105,Alfie,Igarapé Açu,30369
488,Gerik,Tessaoua,43340
58,Zeb,Changleng,35719
1,Karina,Karanganyar,46662
376,Felicdad,Nizhnyaya Maktama,12254
374,Clint,Takedamachi,4267
52,Jody,Tromsø,9099
441,Hestia,Seredeyskiy,28854
242,Jeralee,La Paz,3383
495,Wake,Voyutychi,45648
445,Odo,Świeradów-Zdrój,40494
213,Sammy,Lipu,34218
137,Tamiko,Wierzbica,35811
178,Sephira,Gaoyi,22326
30,Xymenes,Pohonsirih,3502
265,Melisande,Strasbourg,40918
351,Myer,Kedungasem,10287
104,Arney,Gardutanjak,26489
339,Gerri,Mustvee,34343
67,Thomasa,Charneca da Cotovia,26243
385,Casar,Tabu,38942
139,Odessa,Abuko,25943
335,Diannne,Stockholm,22672
299,Bertrand,San Isidro,20727
273,Berthe,Josefina,38144
346,Nicolai,Perth,38465
8,Harmonie,Madara,42830
103,Mill,Ufimskiy,28370
221,Wendeline,Inhumas,1316
93,Maureen,Castleknock,6809
456,Hayes,Siso,19796
185,Silvan,Comitancillo,3637
415,Sumner,Muhos,38715
432,Jock,Täby,19341
206,Nita,Yeshan,43201
496,Nestor,Göteborg,4868
453,Dale,Sundsvall,13369
211,Corrie,Rennes,49873
202,Chet,Tlogosari,11214
401,Denice,Kōnan,41446
29,Elroy,Cipatat,8333
395,Randolph,Jinhua,48341
10,Sabine,Seattle,4738
334,Cristiano,Baş Göynük,48057
117,Gasper,Guchang,34132
85,Briggs,Al Ain,46782
485,Jessalyn,Shadrinsk,49158
90,Goldina,Saint-Brieuc,47243
397,Sarge,Poctol,34572
423,Belvia,Huangban,47813
333,Willie,Dukuhpicung,23926
457,Monah,Morelos,25230
386,Dianna,Xarsingma,35426
355,Perrine,Xin’an,30077
282,Shayne,Izborsk,46634
49,Ronda,Yutsa,42878
250,Bettine,Venlo,19273
225,Pembroke,Temanjang,41474
385,Tomaso,Kista,28133
164,Adele,Nova Cruz,19619
162,Rheta,Saint Petersburg,28796
47,Arabele,Sukadana,36683
414,Rufus,Trieste,33987
43,Husein,Sumurwaru,38810
497,Zebedee,Khartsyz’k,44490
351,Ibby,Bungsuan,46321
386,Uri,Morioka-shi,44076
382,Chastity,Bizerte,19559
291,Horten,Bāndarban,21696
67,Zane,Kuybyshevo,35343
87,Margo,Coyah,37665
9,Alejandra,Hōjō,39382
321,Saunder,Ribeirópolis,30914
276,Barton,Siyang,38439
260,Paolo,Dacun,34764
340,Shirline,Bryukhovetskaya,10662
146,Saxe,Liucheng,22235
48,Penelope,Osnabrück,32001
32,Lesli,Changpu,19187
385,Erroll,Longsha,49668
175,Marlee,Quxia,28363
105,Homerus,Borgholm,10131
373,Rainer,Jeziorany,17948
316,Maia,Jingyang,12217
433,Karlens,Sarana,19351
171,Lila,Ostružnica,45317
26,Maryrose,Marína,30584
314,Kippy,Lañgub,11984
146,Faber,Rizó,13693
168,Antonie,Ma Đa Gui,17086
274,Charlene,Kitahiroshima,22640
420,Omero,Shushicë,14411
184,Belvia,Surovikino,28925
385,Gerald,Leon,31972
136,Gibbie,Subrag,18786
1,Prescott,Yingtou,25978
219,Adelice,Sargatskoye,22444
354,Rici,Hehe,24896
169,Dorine,Comitancillo,33156
88,Elga,Forécariah,7663
103,Bertrando,Abashiri,47831
84,Lester,Washington,34164
188,Merrilee,Grigiškės,45564
479,Eduino,Jāsim,46482
314,Winston,Amparafaravola,49337
124,Giraud,Zabrušany,5910
148,Violet,Rikitea,25203
418,Willie,Sibanicú,26986
430,Ivonne,Jingcheng,9030
72,Rikki,Nafada,25328
149,Elaina,Vaiamonte,7294
121,Mina,Parakanhonje Wetan,46318
264,Pearce,Delcevo,28177
345,Milzie,Sinubong,16569
89,Sherie,Nonohonis,46192
79,Sadie,Torres Vedras,38328
105,Moria,Dębowa Łąka,29587
469,Henrie,Raminho,27038
444,Prissie,Senhor do Bonfim,5408
497,Francine,Shijing,30064
107,Tobiah,Wonocolo,10038
102,Jacob,Nowshera,32494
116,Rex,Nieuw Nickerie,45843
7,Borden,Konza,48444
195,Guy,Stockholm,46186
268,Gregorio,Toulouse,25811
89,Anatol,Kashira,45435
487,Addison,Tamel,6243
56,Nahum,Fengyuan,3882
404,Miguela,Zgornje Gorje,3712
448,Renae,Zerok-Alakadari,43677
256,Minny,Dire Dawa,8339
305,Minta,Neskaupstaður,48521
194,Diahann,Birmingham,10243
100,Rikki,Masaran,2624
47,Koressa,Weichanglu,6564
318,Coriss,Xiliu,31363
433,Fianna,Trinidad,3750
348,Jolyn,Grabica,6333
483,Raynell,Nombre de Jesús,11035
484,Vance,Nagbukel,8839
54,Pris,Bojano,1518
302,Arlyn,Fangfan,29028
373,Faun,Itapicuru,30384
17,Hodge,Fanzhen,35069
401,Stillmann,Fuxing,48310
328,Rheba,Nanpu,22332
421,Nappie,Peski,7398
411,Uriel,Sida,5924
401,Emilee,Salerno,38526
43,Andrus,Bambari,42029
371,Ado,Jiuhua,39786
98,Luce,Dacheng,37067
414,Dredi,Sujji,49269
400,Junia,Montalegre,30830
433,Annetta,Solosolo,843
364,Ranique,Yangcun,12026
104,Barry,Tembeling,28588
283,Teri,Alchevs’k,21905
49,Adan,Tojeira,13214
90,Marnia,Moravský Krumlov,35086
301,Alisander,Meniko,14621
130,Abigael,Pangatikan,46744
445,Perceval,Olympia,27343
433,Sabra,Dahe,30087
340,Ash,Colombo,26812
197,Luci,Fushan,48243
297,Sergeant,Purwosari,30297
313,Bev,Lupao,49222
102,Salvidor,Xibin,11400
104,Rois,Hultsfred,6244
54,Angelina,Sukoanyar,5683
125,Ardelia,Strängnäs,12775
445,Atalanta,Praia da Vitória,46796
448,Felicia,Bombarral,29227
222,Wiatt,Cipinang,23564
